{"cameraMode":{"drawMode":0,"name":"Shaded","section":"Shading Mode"},"sceneLighting":true,"audioPlay":false,"sceneViewState":{"m_AlwaysRefresh":false,"showFog":true,"showSkybox":true,"showFlares":true,"showImageEffects":true,"showParticleSystems":true,"showVisualEffectGraphs":true,"m_FxEnabled":true},"in2DMode":false,"pivot":{"x":7.473178863525391,"y":1.8697466850280762,"z":-0.5077683925628662},"rotation":{"x":0.048634618520736697,"y":0.9097537398338318,"z":-0.11135707050561905,"w":0.39712488651275637},"size":1.5701816082000733,"orthographic":false}