{"cameraMode":{"drawMode":0,"name":"Shaded","section":"Shading Mode"},"sceneLighting":false,"audioPlay":false,"sceneViewState":{"m_AlwaysRefresh":false,"showFog":true,"showSkybox":false,"showFlares":true,"showImageEffects":true,"showParticleSystems":true,"showVisualEffectGraphs":true,"m_FxEnabled":true},"in2DMode":false,"pivot":{"x":0.08544179797172547,"y":0.991934061050415,"z":-0.34291625022888186},"rotation":{"x":0.006443876773118973,"y":-0.9912360310554504,"z":0.12133988738059998,"w":0.05239896848797798},"size":1.0969667434692383,"orthographic":false}