{"cameraMode":{"drawMode":0,"name":"Shaded","section":"Shading Mode"},"sceneLighting":false,"audioPlay":false,"sceneViewState":{"m_AlwaysRefresh":false,"showFog":true,"showSkybox":false,"showFlares":true,"showImageEffects":true,"showParticleSystems":true,"showVisualEffectGraphs":true,"m_FxEnabled":true},"in2DMode":false,"pivot":{"x":0.0000034570693969726564,"y":1.8652204275131226,"z":0.0500505268573761},"rotation":{"x":-0.08439293503761292,"y":0.915614902973175,"z":-0.2790335714817047,"w":-0.27692270278930666},"size":2.7497267723083498,"orthographic":false}