{"cameraMode":{"drawMode":0,"name":"Shaded","section":"Shading Mode"},"sceneLighting":false,"audioPlay":false,"sceneViewState":{"m_AlwaysRefresh":false,"showFog":true,"showSkybox":false,"showFlares":true,"showImageEffects":true,"showParticleSystems":true,"showVisualEffectGraphs":true,"m_FxEnabled":true},"in2DMode":false,"pivot":{"x":0.7775354981422424,"y":0.5130703449249268,"z":-0.24071097373962403},"rotation":{"x":0.009936184622347355,"y":-0.9577382206916809,"z":0.2856024205684662,"w":0.033334121108055118},"size":1.8987640142440797,"orthographic":false}