{"cameraMode":{"drawMode":0,"name":"Shaded","section":"Shading Mode"},"sceneLighting":false,"audioPlay":false,"sceneViewState":{"m_AlwaysRefresh":false,"showFog":true,"showSkybox":false,"showFlares":true,"showImageEffects":true,"showParticleSystems":true,"showVisualEffectGraphs":true,"m_FxEnabled":true},"in2DMode":false,"pivot":{"x":0.05554342269897461,"y":0.5383946299552918,"z":0.08275902271270752},"rotation":{"x":0.11274631321430206,"y":-0.7341790199279785,"z":0.12590022385120393,"w":0.6576976776123047},"size":0.997941792011261,"orthographic":false}